{
  "project_info": {
    "project_number": "61641035506",
    "project_id": "cointakip-820fd",
    "storage_bucket": "cointakip-820fd.appspot.com"
  },
  "client": [
    {
      "client_info": {
        "mobilesdk_app_id": "1:61641035506:android:6114f7e4b47fff99574a6b",
        "android_client_info": {
          "package_name": "com.bartukaraca.cointakip"
        }
      },
      "oauth_client": [
        {
          "client_id": "61641035506-gie8ikp52c13pekgk80e433u4fci0rsi.apps.googleusercontent.com",
          "client_type": 3
        }
      ],
      "api_key": [
        {
          "current_key": "AIzaSyDUnQo4js3KhVjRSG9IOq4WFSTHXYKsmII"
        }
      ],
      "services": {
        "appinvite_service": {
          "other_platform_oauth_client": [
            {
              "client_id": "61641035506-gie8ikp52c13pekgk80e433u4fci0rsi.apps.googleusercontent.com",
              "client_type": 3
            }
          ]
        }
      }
    }
  ],
  "configuration_version": "1"
}